year,site,catch,pos,month,no3mgl,no3mgladj,po4mgl,po4mgladj
2007,B,1,foot,Apr,.,.,.,.
2007,B,2,foot,Apr,.,.,.,.
2007,B,3,foot,Apr,.,.,.,.
2007,B,4,foot,Apr,.,.,.,.
2007,B,5,foot,Apr,.,.,.,.
2007,B,6,foot,Apr,.,.,.,.
2007,I,1,foot,Apr,.,.,.,.
2007,I,2,foot,Apr,.,.,.,.
2007,I,3,foot,Apr,.,.,.,.
2007,W,1,foot,Apr,.,.,.,.
2007,W,2,foot,Apr,.,.,.,.
2007,W,3,foot,Apr,.,.,.,.
2007,B,1,foot,Aug,0.755,0.755,0.187,0.187
2007,B,2,foot,Aug,0.171,0.13,0.01,0.01
2007,B,3,foot,Aug,0.229,0.13,0.008,0.008
2007,B,4,foot,Aug,0.224,0.13,0.005,0.005
2007,B,5,foot,Aug,0.763,0.763,0.006,0.006
2007,B,6,foot,Aug,.,.,0.005,0.005
2007,I,1,foot,Aug,0.866,0.866,0.022,0.022
2007,I,2,foot,Aug,0.089,0.13,0.052,0.052
2007,I,3,foot,Aug,0.363,0.363,0.006,0.006
2007,W,1,foot,Aug,1.406,1.406,0.007,0.007
2007,W,2,foot,Aug,0.345,0.345,0.007,0.007
2007,W,3,foot,Aug,1.177,1.177,0.007,0.007
2007,B,1,foot,July,0.022,0.13,0.011,0.011
2007,B,2,foot,July,0.746,0.746,0.008,0.008
2007,B,3,foot,July,.,.,0.03,0.03
2007,B,4,foot,July,0.966,0.966,0.007,0.007
2007,B,5,foot,July,0.812,0.812,0.008,0.008
2007,B,6,foot,July,0.044,0.13,0.007,0.007
2007,I,1,foot,July,0.013,0.13,0.048,0.048
2007,I,2,foot,July,0.094,0.13,0.052,0.052
2007,I,3,foot,July,0.295,0.295,0.007,0.007
2007,W,1,foot,July,0.701,0.701,0.013,0.013
2007,W,2,foot,July,0.021,0.13,0.008,0.008
2007,W,3,foot,July,1.124,1.124,0.007,0.007
2007,B,1,foot,June,0.002,0.005,0.247,0.247
2007,B,2,foot,June,0.59,0.59,0.021,0.021
2007,B,3,foot,June,.,.,0.025,0.025
2007,B,4,foot,June,0.04,0.13,0.007,0.007
2007,B,5,foot,June,0.41,0.41,0.012,0.012
2007,B,6,foot,June,0.035,0.13,0.004,0.003
2007,I,1,foot,June,0.032,0.13,0.05,0.05
2007,I,2,foot,June,0.142,0.13,0.021,0.021
2007,I,3,foot,June,0.114,0.13,0.024,0.024
2007,W,1,foot,June,0.41,0.41,0.008,0.008
2007,W,2,foot,June,0.016,0.13,0.007,0.007
2007,W,3,foot,June,0.51,0.51,0.006,0.006
2007,B,1,foot,May,0.05,0.13,0.256,0.256
2007,B,2,foot,May,0.612,0.612,0.043,0.043
2007,B,3,foot,May,.,.,0.003,0.003
2007,B,4,foot,May,0.147,0.13,0.001,0.003
2007,B,5,foot,May,0.604,0.604,0.012,0.012
2007,B,6,foot,May,0.081,0.13,0.001,0.003
2007,I,1,foot,May,.,.,0.023,0.023
2007,I,2,foot,May,0.161,0.13,0.014,0.014
2007,I,3,foot,May,0.28,0.28,.,.
2007,W,1,foot,May,0.308,0.308,0.002,0.003
2007,W,2,foot,May,.,.,0.002,0.003
2007,W,3,foot,May,0.282,0.282,0.002,0.003
2007,B,1,foot,Nov,.,.,,.
2007,B,2,foot,Nov,.,.,,.
2007,B,3,foot,Nov,.,.,,.
2007,B,4,foot,Nov,.,.,,.
2007,B,5,foot,Nov,.,.,,.
2007,B,6,foot,Nov,.,.,,.
2007,I,1,foot,Nov,.,.,,.
2007,I,2,foot,Nov,.,.,,.
2007,I,3,foot,Nov,.,.,,.
2007,W,1,foot,Nov,.,.,,.
2007,W,2,foot,Nov,.,.,,.
2007,W,3,foot,Nov,.,.,,.
2007,B,1,foot,Oct,0.232,0.13,0.198,0.198
2007,B,2,foot,Oct,1.217,1.217,0.031,0.031
2007,B,3,foot,Oct,0.002,0.005,0.029,0.029
2007,B,4,foot,Oct,0.213,0.13,0.009,0.009
2007,B,5,foot,Oct,0.771,0.771,0.019,0.019
2007,B,6,foot,Oct,0.707,0.707,0.007,0.007
2007,I,1,foot,Oct,0.014,0.13,0.061,0.061
2007,I,2,foot,Oct,0.212,0.13,0.067,0.067
2007,I,3,foot,Oct,0.632,0.632,0.016,0.016
2007,W,1,foot,Oct,1.41,1.41,0.019,0.019
2007,W,2,foot,Oct,0.501,0.501,0.01,0.01
2007,W,3,foot,Oct,1.666,1.666,0.013,0.013
2007,B,1,foot,Sep,0.342,0.342,0.037,0.037
2007,B,2,foot,Sep,1.261,1.261,0.017,0.017
2007,B,3,foot,Sep,0.013,0.13,0.032,0.032
2007,B,4,foot,Sep,0.558,0.558,0.013,0.013
2007,B,5,foot,Sep,1.041,1.041,0.021,0.021
2007,B,6,foot,Sep,0.339,0.339,0.007,0.007
2007,I,1,foot,Sep,0.184,0.13,0.054,0.054
2007,I,2,foot,Sep,0.184,0.13,0.091,0.091
2007,I,3,foot,Sep,0.406,0.406,0.012,0.012
2007,W,1,foot,Sep,3.11,3.11,0.022,0.022
2007,W,2,foot,Sep,0.059,0.13,0.011,0.011
2007,W,3,foot,Sep,1.476,1.476,0.012,0.012
2008,B,1,foot,Apr,1.364,1.364,0.045,0.045
2008,B,2,foot,Apr,0.591,0.591,0.014,0.014
2008,B,3,foot,Apr,0.204,0.13,0.012,0.012
2008,B,4,foot,Apr,0.517,0.517,0.012,0.012
2008,B,5,foot,Apr,1.784,1.784,0.012,0.012
2008,B,6,foot,Apr,2.22,2.22,0.009,0.009
2008,I,1,foot,Apr,0.746,0.746,0.036,0.036
2008,I,2,foot,Apr,0.398,0.398,0.015,0.015
2008,I,3,foot,Apr,6.591,6.591,0.011,0.011
2008,W,1,foot,Apr,3.357,3.357,0.011,0.011
2008,W,2,foot,Apr,2.448,2.448,0.012,0.012
2008,W,3,foot,Apr,4.267,4.267,0.011,0.011
2008,B,1,foot,Aug,0.014,0.13,0.011,0.011
2008,B,2,foot,Aug,0.727,0.727,0.013,0.013
2008,B,3,foot,Aug,-0.001,0.005,0.03,0.03
2008,B,4,foot,Aug,0.667,0.667,0.012,0.012
2008,B,5,foot,Aug,0.221,0.13,0.011,0.011
2008,B,6,foot,Aug,2.142,2.142,0.009,0.009
2008,I,1,foot,Aug,-0.022,0.005,0.023,0.023
2008,I,2,foot,Aug,0.012,0.13,0.054,0.054
2008,I,3,foot,Aug,1.139,1.139,0.01,0.01
2008,W,1,foot,Aug,3.9,3.9,0.016,0.016
2008,W,2,foot,Aug,0.065,0.13,0.012,0.012
2008,W,3,foot,Aug,3.824,3.824,0.011,0.011
2008,B,1,foot,July,-0.001,0.005,0.012,0.012
2008,B,2,foot,July,0.767,0.767,0.013,0.013
2008,B,3,foot,July,-0.001,0.005,0.013,0.013
2008,B,4,foot,July,0.437,0.437,0.012,0.012
2008,B,5,foot,July,0.325,0.325,0.011,0.011
2008,B,6,foot,July,2.002,2.002,0.009,0.009
2008,I,1,foot,July,0.147,0.13,0.029,0.029
2008,I,2,foot,July,-0.001,0.005,0.039,0.039
2008,I,3,foot,July,2.118,2.118,0.01,0.01
2008,W,1,foot,July,4.108,4.108,0.011,0.011
2008,W,2,foot,July,0.517,0.517,0.012,0.012
2008,W,3,foot,July,4.883,4.883,0.01,0.01
2008,B,1,foot,June,0.024,0.13,0.081,0.081
2008,B,2,foot,June,0.681,0.681,0.013,0.013
2008,B,3,foot,June,0.074,0.13,0.01,0.01
2008,B,4,foot,June,0.466,0.466,0.011,0.011
2008,B,5,foot,June,0.564,0.564,0.01,0.01
2008,B,6,foot,June,3.602,3.602,0.013,0.013
2008,I,1,foot,June,0.408,0.408,0.024,0.024
2008,I,2,foot,June,0.383,0.383,0.023,0.023
2008,I,3,foot,June,4.575,4.575,0.01,0.01
2008,W,1,foot,June,3.41,3.41,0.009,0.009
2008,W,2,foot,June,1.037,1.037,0.011,0.011
2008,W,3,foot,June,10.966,10.966,0.008,0.008
2008,B,1,foot,May,0.618,0.618,0.228,0.228
2008,B,2,foot,May,0.814,0.814,0.014,0.014
2008,B,3,foot,May,0.037,0.13,0.011,0.011
2008,B,4,foot,May,0.736,0.736,0.012,0.012
2008,B,5,foot,May,1.079,1.079,0.009,0.009
2008,B,6,foot,May,8.85,8.85,0.355,0.355
2008,I,1,foot,May,0.322,0.322,0.039,0.039
2008,I,2,foot,May,0.33,0.33,0.035,0.035
2008,I,3,foot,May,4.411,4.411,0.011,0.011
2008,W,1,foot,May,3.636,3.636,0.01,0.01
2008,W,2,foot,May,1.629,1.629,0.011,0.011
2008,W,3,foot,May,4.088,4.088,0.009,0.009
2008,B,1,foot,Nov,.,.,,.
2008,B,2,foot,Nov,.,.,,.
2008,B,3,foot,Nov,.,.,,.
2008,B,4,foot,Nov,.,.,,.
2008,B,5,foot,Nov,.,.,,.
2008,B,6,foot,Nov,.,.,,.
2008,I,1,foot,Nov,.,.,,.
2008,I,2,foot,Nov,.,.,,.
2008,I,3,foot,Nov,.,.,,.
2008,W,1,foot,Nov,.,.,,.
2008,W,2,foot,Nov,.,.,,.
2008,W,3,foot,Nov,.,.,,.
2008,B,1,foot,Oct,0.038,0.13,0.581,0.581
2008,B,2,foot,Oct,0.677,0.677,0.013,0.013
2008,B,3,foot,Oct,-0.01,0.005,0.011,0.011
2008,B,4,foot,Oct,0.51,0.51,0.011,0.011
2008,B,5,foot,Oct,0.152,0.13,0.01,0.01
2008,B,6,foot,Oct,1.422,1.422,0.282,0.282
2008,I,1,foot,Oct,0.209,0.13,0.039,0.039
2008,I,2,foot,Oct,0.205,0.13,0.037,0.037
2008,I,3,foot,Oct,3.253,3.253,0.01,0.01
2008,W,1,foot,Oct,3.15,3.15,0.008,0.008
2008,W,2,foot,Oct,0.472,0.472,0.011,0.011
2008,W,3,foot,Oct,4.002,4.002,0.009,0.009
2008,B,1,foot,Sep,0.059,0.13,0.588,0.588
2008,B,2,foot,Sep,0.3,0.3,0.069,0.069
2008,B,3,foot,Sep,0.017,0.13,0.01,0.01
2008,B,4,foot,Sep,0.428,0.428,0.011,0.011
2008,B,5,foot,Sep,0.336,0.336,0.009,0.009
2008,B,6,foot,Sep,1.604,1.604,0.027,0.027
2008,I,1,foot,Sep,0.12,0.13,0.026,0.026
2008,I,2,foot,Sep,0.107,0.13,0.069,0.069
2008,I,3,foot,Sep,0.796,0.796,0.01,0.01
2008,W,1,foot,Sep,3.308,3.308,0.008,0.008
2008,W,2,foot,Sep,0.086,0.13,0.009,0.009
2008,W,3,foot,Sep,3.773,3.773,0.009,0.009
2009,B,1,foot,Apr,0.08,0.13,0.064,0.064
2009,B,2,foot,Apr,0.75,0.75,0.009,0.009
2009,B,3,foot,Apr,0.329,0.329,0.011,0.011
2009,B,4,foot,Apr,0.618,0.618,0.008,0.008
2009,B,5,foot,Apr,0.539,0.539,0.008,0.008
2009,B,6,foot,Apr,0.824,0.824,0.009,0.009
2009,I,1,foot,Apr,2.461,2.461,0.007,0.007
2009,I,2,foot,Apr,0.074,0.13,0.058,0.058
2009,I,3,foot,Apr,0.934,0.934,0.008,0.008
2009,W,1,foot,Apr,0.154,0.13,0.024,0.024
2009,W,2,foot,Apr,0.425,0.425,0.009,0.009
2009,W,3,foot,Apr,3.294,3.294,0.007,0.007
2009,B,1,foot,Aug,0.101,0.13,0.644424,0.644424
2009,B,2,foot,Aug,1.017,1.017,0.037963,0.037963
2009,B,3,foot,Aug,1.509,1.509,0.195899,0.195899
2009,B,4,foot,Aug,0.399,0.399,0.010624,0.010624
2009,B,5,foot,Aug,0.143,0.13,0.017203,0.017203
2009,B,6,foot,Aug,0.333,0.333,0.042391,0.042391
2009,I,1,foot,Aug,0.206,0.13,0.054832,0.054832
2009,I,2,foot,Aug,0.167,0.13,0.0552,0.0552
2009,I,3,foot,Aug,3.861,3.861,0.007957,0.007957
2009,W,1,foot,Aug,2.834,2.834,0.009376,0.009376
2009,W,2,foot,Aug,0.125,0.13,0.010839,0.010839
2009,W,3,foot,Aug,3.223,3.223,0.008491,0.008491
2009,B,1,foot,July,.,.,0.012,0.012
2009,B,2,foot,July,0.978,0.978,0.008,0.008
2009,B,3,foot,July,0.03,0.13,0.015,0.015
2009,B,4,foot,July,0.483,0.483,0.008,0.008
2009,B,5,foot,July,0.181,0.13,0.008,0.008
2009,B,6,foot,July,0.282,0.282,0.004,0.003
2009,I,1,foot,July,.,.,0.024,0.024
2009,I,2,foot,July,0.024,0.13,0.02,0.02
2009,I,3,foot,July,0.595,0.595,0.007,0.007
2009,W,1,foot,July,1.16,1.16,0.005,0.005
2009,W,2,foot,July,0.074,0.13,0.008,0.008
2009,W,3,foot,July,3.362,3.362,0.006,0.006
2009,B,1,foot,June,0.091,0.13,0.073,0.073
2009,B,2,foot,June,0.838,0.838,0.008,0.008
2009,B,3,foot,June,0.014,0.13,0.016,0.016
2009,B,4,foot,June,0.401,0.401,0.008,0.008
2009,B,5,foot,June,0.386,0.386,0.009,0.009
2009,B,6,foot,June,.,.,0.004,0.003
2009,I,1,foot,June,.,.,0.021,0.021
2009,I,2,foot,June,0.04,0.13,0.053,0.053
2009,I,3,foot,June,2.024,2.024,0.006,0.006
2009,W,1,foot,June,.,.,.,.
2009,W,2,foot,June,0.076,0.13,0.009,0.009
2009,W,3,foot,June,2.916,2.916,0.007,0.007
2009,B,1,foot,May,0.159,0.13,0.086,0.086
2009,B,2,foot,May,0.675,0.675,0.01,0.01
2009,B,3,foot,May,0.07,0.13,0.011,0.011
2009,B,4,foot,May,0.309,0.309,0.009,0.009
2009,B,5,foot,May,0.088,0.13,0.007,0.007
2009,B,6,foot,May,0.233,0.13,0.052,0.052
2009,I,1,foot,May,0.095,0.13,0.051,0.051
2009,I,2,foot,May,0.382,0.382,0.037,0.037
2009,I,3,foot,May,2.855,2.855,0.008,0.008
2009,W,1,foot,May,2.364,2.364,0.01,0.01
2009,W,2,foot,May,0.213,0.13,0.008,0.008
2009,W,3,foot,May,3.94,3.94,0.007,0.007
2009,B,1,foot,Nov,.,.,.,.
2009,B,2,foot,Nov,.,.,.,.
2009,B,3,foot,Nov,.,.,.,.
2009,B,4,foot,Nov,.,.,.,.
2009,B,5,foot,Nov,.,.,.,.
2009,B,6,foot,Nov,.,.,.,.
2009,I,1,foot,Nov,.,.,.,.
2009,I,2,foot,Nov,.,.,.,.
2009,I,3,foot,Nov,.,.,.,.
2009,W,1,foot,Nov,.,.,.,.
2009,W,2,foot,Nov,.,.,.,.
2009,W,3,foot,Nov,.,.,.,.
2009,B,1,foot,Oct,0.19,0.13,0.028292,0.028292
2009,B,2,foot,Oct,1.277,1.277,0.01085,0.01085
2009,B,3,foot,Oct,0.005,0.005,0.014889,0.014889
2009,B,4,foot,Oct,0.083,0.13,0.00681,0.00681
2009,B,5,foot,Oct,0.401,0.401,0.109149,0.109149
2009,B,6,foot,Oct,0.914,0.914,0.005447,0.005447
2009,I,1,foot,Oct,0.41,0.41,0.052669,0.052669
2009,I,2,foot,Oct,0.046,0.13,0.060785,0.060785
2009,I,3,foot,Oct,2.071,2.071,0.063588,0.063588
2009,W,1,foot,Oct,1.597,1.597,0.00555,0.00555
2009,W,2,foot,Oct,2.279,2.279,0.008261,0.008261
2009,W,3,foot,Oct,3.123,3.123,0.00822,0.00822
2009,B,1,foot,Sep,0.12,0.13,0.265564,0.265564
2009,B,2,foot,Sep,1.384,1.384,0.005579,0.005579
2009,B,3,foot,Sep,0.359,0.359,0.05633,0.05633
2009,B,4,foot,Sep,0.567,0.567,0.006177,0.006177
2009,B,5,foot,Sep,0.158,0.13,0.024671,0.024671
2009,B,6,foot,Sep,0.913,0.913,0.004724,0.003
2009,I,1,foot,Sep,0.071,0.13,0.082427,0.082427
2009,I,2,foot,Sep,0.07,0.13,0.045365,0.045365
2009,I,3,foot,Sep,2.834,2.834,0.005815,0.005815
2009,W,1,foot,Sep,1.661,1.661,0.005703,0.005703
2009,W,2,foot,Sep,3.761,3.761,0.007237,0.007237
2009,W,3,foot,Sep,3.082,3.082,0.005286,0.005286
2010,B,1,foot,Apr,0.01,0.13,0.009,0.009
2010,B,2,foot,Apr,1.221,1.221,0.011,0.011
2010,B,3,foot,Apr,0.015,0.13,0.026,0.026
2010,B,4,foot,Apr,0.291,0.291,0.009,0.009
2010,B,5,foot,Apr,0.424,0.424,0.009,0.009
2010,B,6,foot,Apr,1.016,1.016,0.007,0.007
2010,I,1,foot,Apr,0.084,0.13,0.034,0.034
2010,I,2,foot,Apr,0.108,0.13,0.022,0.022
2010,I,3,foot,Apr,3.226,3.226,0.009,0.009
2010,W,1,foot,Apr,1.816,1.816,0.008,0.008
2010,W,2,foot,Apr,1.62,1.62,0.01,0.01
2010,W,3,foot,Apr,3.888,3.888,0.009,0.009
2010,B,1,foot,Aug,0.087,0.13,.,.
2010,B,2,foot,Aug,1.736,1.736,.,.
2010,B,3,foot,Aug,0.062,0.13,.,.
2010,B,4,foot,Aug,0.336,0.336,.,.
2010,B,5,foot,Aug,0.418,0.418,.,.
2010,B,6,foot,Aug,1.368,1.368,.,.
2010,I,1,foot,Aug,0.303,0.303,.,.
2010,I,2,foot,Aug,0.092,0.13,.,.
2010,I,3,foot,Aug,5.46,5.46,.,.
2010,W,1,foot,Aug,.,.,.,.
2010,W,2,foot,Aug,.,.,.,.
2010,W,3,foot,Aug,.,.,.,.
2010,B,1,foot,July,4.78,4.78,.,.
2010,B,2,foot,July,1.659,1.659,.,.
2010,B,3,foot,July,.,.,.,.
2010,B,4,foot,July,0.477,0.477,.,.
2010,B,5,foot,July,0.382,0.382,.,.
2010,B,6,foot,July,.,.,.,.
2010,I,1,foot,July,0.541,0.541,.,.
2010,I,2,foot,July,0.701,0.701,.,.
2010,I,3,foot,July,4.944,4.944,.,.
2010,W,1,foot,July,2.581,2.581,.,.
2010,W,2,foot,July,0.731,0.731,.,.
2010,W,3,foot,July,13.597,13.597,.,.
2010,B,1,foot,June,0.256,0.256,.,.
2010,B,2,foot,June,1.432,1.432,.,.
2010,B,3,foot,June,0.01,0.13,.,.
2010,B,4,foot,June,0.09,0.13,.,.
2010,B,5,foot,June,0.32,0.32,.,.
2010,B,6,foot,June,0.55,0.55,.,.
2010,I,1,foot,June,0.351,0.351,.,.
2010,I,2,foot,June,0.323,0.323,.,.
2010,I,3,foot,June,.,.,.,.
2010,W,1,foot,June,3.653,3.653,.,.
2010,W,2,foot,June,0.681,0.681,.,.
2010,W,3,foot,June,6.759,6.759,.,.
2010,B,1,foot,May,0.452,0.452,0.091,0.091
2010,B,2,foot,May,1.449,1.449,0.064,0.064
2010,B,3,foot,May,0.012,0.13,0.015,0.015
2010,B,4,foot,May,0.235,0.13,0.007,0.007
2010,B,5,foot,May,0.503,0.503,0.332,0.332
2010,B,6,foot,May,2.8,2.8,0.131,0.131
2010,I,1,foot,May,1.156,1.156,0.01,0.01
2010,I,2,foot,May,0.364,0.364,0.057,0.057
2010,I,3,foot,May,2.119,2.119,0.007,0.007
2010,W,1,foot,May,2.509,2.509,0.007,0.007
2010,W,2,foot,May,2.747,2.747,0.22,0.22
2010,W,3,foot,May,8.138,8.138,0.007,0.007
2010,B,1,foot,Nov,0.07,0.13,,.
2010,B,2,foot,Nov,2.706,2.706,,.
2010,B,3,foot,Nov,0.016,0.13,,.
2010,B,4,foot,Nov,0.248,0.13,,.
2010,B,5,foot,Nov,0.369,0.369,,.
2010,B,6,foot,Nov,0.418,0.418,,.
2010,I,1,foot,Nov,0.01,0.13,,.
2010,I,2,foot,Nov,0.229,0.13,,.
2010,I,3,foot,Nov,1.122,1.122,,.
2010,W,1,foot,Nov,1.355,1.355,,.
2010,W,2,foot,Nov,0.14,0.13,,.
2010,W,3,foot,Nov,4.43,4.43,,.
2010,B,1,foot,Oct,0.01,0.13,.,.
2010,B,2,foot,Oct,2.634,2.634,.,.
2010,B,3,foot,Oct,0.01,0.13,.,.
2010,B,4,foot,Oct,0.219,0.13,.,.
2010,B,5,foot,Oct,0.404,0.404,.,.
2010,B,6,foot,Oct,1.605,1.605,.,.
2010,I,1,foot,Oct,0.18,0.13,.,.
2010,I,2,foot,Oct,0.254,0.254,.,.
2010,I,3,foot,Oct,1.813,1.813,.,.
2010,W,1,foot,Oct,0.827,0.827,.,.
2010,W,2,foot,Oct,0.202,0.13,.,.
2010,W,3,foot,Oct,4.156,4.156,.,.
2010,B,1,foot,Sep,.,.,.,.
2010,B,2,foot,Sep,.,.,.,.
2010,B,3,foot,Sep,.,.,.,.
2010,B,4,foot,Sep,.,.,.,.
2010,B,5,foot,Sep,.,.,.,.
2010,B,6,foot,Sep,.,.,.,.
2010,I,1,foot,Sep,.,.,.,.
2010,I,2,foot,Sep,.,.,.,.
2010,I,3,foot,Sep,.,.,.,.
2010,W,1,foot,Sep,.,.,.,.
2010,W,2,foot,Sep,.,.,.,.
2010,W,3,foot,Sep,.,.,.,.
2011,B,1,foot,Apr,1.65,1.65,0.11,0.11
2011,B,2,foot,Apr,3.98,3.98,0,0.001
2011,B,3,foot,Apr,1.62,1.62,0,0.001
2011,B,4,foot,Apr,1.96,1.96,0,0.001
2011,B,5,foot,Apr,2.28,2.28,0,0.001
2011,B,6,foot,Apr,4.68,4.68,0,0.001
2011,I,1,foot,Apr,0.93,0.93,0,0.001
2011,I,2,foot,Apr,1.13,1.13,0.098,0.098
2011,I,3,foot,Apr,2.81,2.81,0,0.001
2011,W,1,foot,Apr,2.66,2.66,0,0.001
2011,W,2,foot,Apr,1.46,1.46,0,0.001
2011,W,3,foot,Apr,4.48,4.48,0.015,0.015
2011,B,1,foot,Aug,0.55,0.55,0.141,0.141
2011,B,2,foot,Aug,3.07,3.07,0.006,0.006
2011,B,3,foot,Aug,0.26,0.26,0.028,0.028
2011,B,4,foot,Aug,1.31,1.31,0.325,0.325
2011,B,5,foot,Aug,0.34,0.34,0.018,0.018
2011,B,6,foot,Aug,1.29,1.29,0.037,0.037
2011,I,1,foot,Aug,0.09,0.09,0.025,0.025
2011,I,2,foot,Aug,0.46,0.46,0.429,0.429
2011,I,3,foot,Aug,1.21,1.21,0.028,0.028
2011,W,1,foot,Aug,2.36,2.36,0.11,0.11
2011,W,2,foot,Aug,0.4,0.4,0.021,0.021
2011,W,3,foot,Aug,6.88,6.88,0.025,0.025
2011,B,1,foot,July,0.81,0.81,0.46,0.46
2011,B,2,foot,July,2.94,2.94,0.037,0.037
2011,B,3,foot,July,0.93,0.93,0.083,0.083
2011,B,4,foot,July,0.64,0.64,0.006,0.006
2011,B,5,foot,July,1.12,1.12,0,0.001
2011,B,6,foot,July,1.53,1.53,0.141,0.141
2011,I,1,foot,July,0.46,0.46,0.925,0.925
2011,I,2,foot,July,1.65,1.65,0.487,0.487
2011,I,3,foot,July,2.18,2.18,0.003,0.006
2011,W,1,foot,July,2.29,2.29,0.07,0.07
2011,W,2,foot,July,0.6,0.6,0.006,0.006
2011,W,3,foot,July,7.68,7.68,0.215,0.215
2011,B,1,foot,June,3.91,3.91,0.239,0.239
2011,B,2,foot,June,2.54,2.54,0.025,0.025
2011,B,3,foot,June,1,1,0.025,0.025
2011,B,4,foot,June,1.08,1.08,0.021,0.021
2011,B,5,foot,June,1.54,1.54,0.049,0.049
2011,B,6,foot,June,1.7,1.7,0.031,0.031
2011,I,1,foot,June,0.14,0.14,0,0.001
2011,I,2,foot,June,1.33,1.33,0.098,0.098
2011,I,3,foot,June,2.21,2.21,0,0.001
2011,W,1,foot,June,2.48,2.48,0.012,0.012
2011,W,2,foot,June,1.05,1.05,0.025,0.025
2011,W,3,foot,June,8.01,8.01,0.003,0.006
2011,B,1,foot,May,0.36,0.36,0.172,0.172
2011,B,2,foot,May,1.83,1.83,0.009,0.006
2011,B,3,foot,May,0.02,0.02,0.006,0.006
2011,B,4,foot,May,0.82,0.82,0.006,0.006
2011,B,5,foot,May,1.18,1.18,0.003,0.006
2011,B,6,foot,May,1.34,1.34,0.006,0.006
2011,I,1,foot,May,0.07,0.07,0.067,0.067
2011,I,2,foot,May,0.12,0.12,0.196,0.196
2011,I,3,foot,May,2.2,2.2,0.037,0.037
2011,W,1,foot,May,2.42,2.42,0.064,0.064
2011,W,2,foot,May,1.92,1.92,0.025,0.025
2011,W,3,foot,May,6.22,6.22,0.028,0.028
2011,B,1,foot,Nov,0.9,0.9,0.196,0.196
2011,B,2,foot,Nov,0.88,0.88,0.061,0.061
2011,B,3,foot,Nov,0.76,0.76,0.052,0.052
2011,B,4,foot,Nov,0.65,0.65,0.015,0.015
2011,B,5,foot,Nov,0.47,0.47,0.086,0.086
2011,B,6,foot,Nov,1.83,1.83,0.025,0.025
2011,I,1,foot,Nov,0.35,0.35,0.144,0.144
2011,I,2,foot,Nov,0.77,0.77,0.818,0.818
2011,I,3,foot,Nov,1.11,1.11,0,0.001
2011,W,1,foot,Nov,1.71,1.71,0.015,0.015
2011,W,2,foot,Nov,0.87,0.87,0.034,0.034
2011,W,3,foot,Nov,5.16,5.16,0.043,0.043
2011,B,1,foot,Oct,0.68,0.68,0.245,0.245
2011,B,2,foot,Oct,2.97,2.97,0.04,0.04
2011,B,3,foot,Oct,0.43,0.43,0.147,0.147
2011,B,4,foot,Oct,0.91,0.91,0,0.001
2011,B,5,foot,Oct,0.47,0.47,0.043,0.043
2011,B,6,foot,Oct,1.97,1.97,0.012,0.012
2011,I,1,foot,Oct,1.01,1.01,0.055,0.055
2011,I,2,foot,Oct,0.61,0.61,0.129,0.129
2011,I,3,foot,Oct,1.73,1.73,0,0.001
2011,W,1,foot,Oct,2.82,2.82,0,0.001
2011,W,2,foot,Oct,0.6,0.6,0,0.001
2011,W,3,foot,Oct,5.07,5.07,0.012,0.012
2011,B,1,foot,Sept,0.41,0.41,0.153,0.153
2011,B,2,foot,Sept,3.54,3.54,0.021,0.021
2011,B,3,foot,Sept,0,0.0015,0.034,0.034
2011,B,4,foot,Sept,0.92,0.92,0.101,0.101
2011,B,5,foot,Sept,0.36,0.36,0.061,0.061
2011,B,6,foot,Sept,1.49,1.49,0.021,0.021
2011,I,1,foot,Sept,0.67,0.67,0.031,0.031
2011,I,2,foot,Sept,0.41,0.41,0.15,0.15
2011,I,3,foot,Sept,0.96,0.96,0,0.001
2011,W,1,foot,Sept,3.39,3.39,1.508,1.508
2011,W,2,foot,Sept,0.65,0.65,0.067,0.067
2011,W,3,foot,Sept,5.37,5.37,0.077,0.077
2012,B,1,foot,Apr,0.5572,0.5572,0.106,0.106
2012,B,2,foot,Apr,2.3981,2.3981,0.027,0.027
2012,B,3,foot,Apr,0.0707,0.0707,0.026,0.026
2012,B,4,foot,Apr,0.4829,0.4829,0.016,0.016
2012,B,5,foot,Apr,0.3168,0.3168,0.021,0.021
2012,B,6,foot,Apr,2.209,2.209,-0.005,0.001
2012,I,1,foot,Apr,0.0722,0.0722,0.016,0.016
2012,I,2,foot,Apr,0.2883,0.2883,0.093,0.093
2012,I,3,foot,Apr,1.0533,1.0533,-0.008,0.001
2012,W,1,foot,Apr,1.3473,1.3473,0.013,0.013
2012,W,2,foot,Apr,2.8594,2.8594,0.064,0.064
2012,W,3,foot,Apr,5.0154,5.0154,0.002,0.006
2012,B,1,foot,Aug,0.5246,0.5246,0.113,0.113
2012,B,2,foot,Aug,3.6962,3.6962,0.019,0.019
2012,B,3,foot,Aug,0.7348,0.7348,0.024,0.024
2012,B,4,foot,Aug,0.9796,0.9796,0.006,0.006
2012,B,5,foot,Aug,0.5391,0.5391,0.061,0.061
2012,B,6,foot,Aug,9.7693,9.7693,0.024,0.024
2012,I,1,foot,Aug,0.5172,0.5172,0.005,0.006
2012,I,2,foot,Aug,3.7987,3.7987,0.317,0.317
2012,I,3,foot,Aug,1.6414,1.6414,0.035,0.035
2012,W,1,foot,Aug,2.6724,2.6724,0.022,0.022
2012,W,2,foot,Aug,1.0352,1.0352,0.007,0.006
2012,W,3,foot,Aug,6.9075,6.9075,0.003,0.006
2012,B,1,foot,July,0.7107,0.7107,0.08,0.08
2012,B,2,foot,July,3.4348,3.4348,0.017,0.017
2012,B,3,foot,July,0.0409,0.0409,0.022,0.022
2012,B,4,foot,July,0.9115,0.9115,0.002,0.006
2012,B,5,foot,July,0.6288,0.6288,0.011,0.011
2012,B,6,foot,July,9.1494,9.1494,0.03,0.03
2012,I,1,foot,July,0.7377,0.7377,0.04,0.04
2012,I,2,foot,July,0.9244,0.9244,0.148,0.148
2012,I,3,foot,July,2.923,2.923,0.052,0.052
2012,W,1,foot,July,2.7832,2.7832,0.068,0.068
2012,W,2,foot,July,1.2177,1.2177,0.006,0.006
2012,W,3,foot,July,6.9904,6.9904,0.004,0.006
2012,B,1,foot,June,0.289,0.289,0.13,0.13
2012,B,2,foot,June,3.1772,3.1772,0.004,0.006
2012,B,3,foot,June,0.1356,0.1356,0.019,0.019
2012,B,4,foot,June,0.6176,0.6176,-0.001,0.001
2012,B,5,foot,June,3.4876,3.4876,0.008,0.006
2012,B,6,foot,June,7.5159,7.5159,0.011,0.011
2012,I,1,foot,June,0.847,0.847,0.126,0.126
2012,I,2,foot,June,0.5298,0.5298,0.144,0.144
2012,I,3,foot,June,1.0514,1.0514,-0.006,0.001
2012,W,1,foot,June,1.6049,1.6049,0.02,0.02
2012,W,2,foot,June,0.4133,0.4133,-0.005,0.001
2012,W,3,foot,June,4.9742,4.9742,-0.002,0.001
2012,B,1,foot,May,0.2678,0.2678,0.301,0.301
2012,B,2,foot,May,3.2584,3.2584,0.031,0.031
2012,B,3,foot,May,0.2582,0.2582,0.041,0.041
2012,B,4,foot,May,0.3098,0.3098,0,0.001
2012,B,5,foot,May,0.8592,0.8592,0.011,0.011
2012,B,6,foot,May,9.8817,9.8817,0.02,0.02
2012,I,1,foot,May,1.0509,1.0509,0.129,0.129
2012,I,2,foot,May,0.4771,0.4771,0.108,0.108
2012,I,3,foot,May,2.3232,2.3232,-0.002,0.001
2012,W,1,foot,May,7.1093,7.1093,0.112,0.112
2012,W,2,foot,May,7.5556,7.5556,0.108,0.108
2012,W,3,foot,May,7.6682,7.6682,-0.003,0.001
2012,B,1,foot,Oct,0.5735,0.5735,0.137,0.137
2012,B,2,foot,Oct,3.259,3.259,0.003,0.006
2012,B,3,foot,Oct,0.5155,0.5155,0.024,0.024
2012,B,4,foot,Oct,1.2951,1.2951,0.005,0.006
2012,B,5,foot,Oct,0.8825,0.8825,0.028,0.028
2012,I,1,foot,Oct,1.3264,1.3264,0.184,0.184
2012,I,2,foot,Oct,0.4356,0.4356,0.121,0.121
2012,I,3,foot,Oct,2.0698,2.0698,0.003,0.006
2012,W,1,foot,Oct,3.3951,3.3951,1.779,1.779
2012,W,3,foot,Oct,5.9863,5.9863,0.009,0.006
2012,B,1,foot,Sept,0.86,0.86,0.145,0.145
2012,B,2,foot,Sept,3.4905,3.4905,0.005,0.006
2012,B,3,foot,Sept,0.8857,0.8857,0.022,0.022
2012,B,4,foot,Sept,1.4215,1.4215,0.002,0.006
2012,B,5,foot,Sept,1.2337,1.2337,0.024,0.024
2012,I,1,foot,Sept,1.0159,1.0159,0.026,0.026
2012,I,2,foot,Sept,0.4437,0.4437,0.126,0.126
2012,I,3,foot,Sept,1.6205,1.6205,0.002,0.006
2012,W,1,foot,Sept,3.1975,3.1975,0.041,0.041
2012,W,2,foot,Sept,0.6902,0.6902,0.005,0.006
2012,W,3,foot,Sept,7.0225,7.0225,0.011,0.011
2013,B,1,foot,Apr,0.5584,0.5584,0.153,0.153
2013,B,2,foot,Apr,0.2716,0.2716,0.031,0.031
2013,B,3,foot,Apr,0.1216,0.1216,0.043,0.043
2013,B,4,foot,Apr,0.1276,0.1276,0.021,0.021
2013,B,5,foot,Apr,0.7646,0.7646,0.007,0.006
2013,B,6,foot,Apr,15.0487,15.0487,0.005,0.006
2013,I,1,foot,Apr,0.6908,0.6908,0.15,0.15
2013,I,2,foot,Apr,0.8435,0.8435,0.172,0.172
2013,I,3,foot,Apr,3.4638,3.4638,0.002,0.006
2013,W,1,foot,Apr,2.5192,2.5192,0.028,0.028
2013,W,2,foot,Apr,11.0042,11.0042,0.001,0.001
2013,W,3,foot,Apr,6.489,6.489,0.011,0.011
2013,B,1,foot,Aug,0.4135,0.4135,0.148,0.148
2013,B,2,foot,Aug,3.189,3.189,0.024,0.024
2013,B,3,foot,Aug,0.1244,0.1244,0.026,0.026
2013,B,4,foot,Aug,0.71,0.71,0,0.001
2013,B,5,foot,Aug,1.1197,1.1197,0.046,0.046
2013,B,6,foot,Aug,11.0389,11.0389,0.004,0.006
2013,I,1,foot,Aug,0.0952,0.0952,0.043,0.043
2013,I,2,foot,Aug,0.4854,0.4854,0.148,0.148
2013,I,3,foot,Aug,3.1531,3.1531,0.007,0.006
2013,W,1,foot,Aug,1.7328,1.7328,0.033,0.033
2013,W,2,foot,Aug,0.2998,0.2998,0.007,0.006
2013,W,3,foot,Aug,5.672,5.672,0.019,0.019
2013,B,1,foot,July,0.8204,0.8204,0.098,0.098
2013,B,2,foot,July,2.7742,2.7742,0.03,0.03
2013,B,3,foot,July,0.4214,0.4214,0.022,0.022
2013,B,4,foot,July,0.9734,0.9734,0.004,0.006
2013,B,5,foot,July,1.6515,1.6515,0.005,0.006
2013,B,6,foot,July,7.9553,7.9553,0.054,0.054
2013,I,1,foot,July,0.3919,0.3919,0.083,0.083
2013,I,2,foot,July,0.6631,0.6631,0.038,0.038
2013,I,3,foot,July,5.7814,5.7814,0.004,0.006
2013,W,1,foot,July,2.4099,2.4099,0.034,0.034
2013,W,2,foot,July,1.1186,1.1186,0.007,0.006
2013,W,3,foot,July,7.0652,7.0652,0.004,0.006
2013,B,1,foot,June,0.3621,0.3621,0.109,0.109
2013,B,2,foot,June,0.8728,0.8728,0.041,0.041
2013,B,3,foot,June,0.2575,0.2575,0.022,0.022
2013,B,4,foot,June,0.2819,0.2819,0.003,0.006
2013,B,5,foot,June,1.3351,1.3351,0.007,0.006
2013,B,6,foot,June,10.5148,10.5148,0.027,0.027
2013,I,1,foot,June,0.6136,0.6136,0.168,0.168
2013,I,2,foot,June,0.8518,0.8518,0.103,0.103
2013,I,3,foot,June,6.1927,6.1927,0.004,0.006
2013,W,1,foot,June,0.7878,0.7878,0.001,0.001
2013,W,2,foot,June,8.3737,8.3737,0.003,0.006
2013,W,3,foot,June,7.9064,7.9064,0.003,0.006
2013,B,1,foot,May,0.5556,0.5556,0.1,0.1
2013,B,2,foot,May,2.8812,2.8812,0.025,0.025
2013,B,3,foot,May,0.0328,0.0328,0.02,0.02
2013,B,4,foot,May,0.3947,0.3947,0.006,0.006
2013,B,5,foot,May,1.233,1.233,0.004,0.006
2013,B,6,foot,May,10.3165,10.3165,0.028,0.028
2013,I,1,foot,May,0.3639,0.3639,0.1,0.1
2013,I,2,foot,May,0.6816,0.6816,0.184,0.184
2013,I,3,foot,May,11.5537,11.5537,0.001,0.001
2013,W,1,foot,May,2.5675,2.5675,0.018,0.018
2013,W,2,foot,May,2.2535,2.2535,0.001,0.001
2013,W,3,foot,May,6.8253,6.8253,0,0.001
2013,B,1,foot,Oct,2.8257,2.8257,0.287,0.287
2013,B,2,foot,Oct,3.4073,3.4073,0.012,0.012
2013,B,3,foot,Oct,0.3673,0.3673,0.025,0.025
2013,B,4,foot,Oct,0.7956,0.7956,0.012,0.012
2013,B,5,foot,Oct,1.4848,1.4848,0.022,0.022
2013,B,6,foot,Oct,.,.,.,.
2013,I,1,foot,Oct,0.6819,0.6819,0.079,0.079
2013,I,2,foot,Oct,0.4035,0.4035,0.088,0.088
2013,I,3,foot,Oct,2.9018,2.9018,0.003,0.006
2013,W,1,foot,Oct,1.9897,1.9897,0.032,0.032
2013,W,2,foot,Oct,0.3669,0.3669,0.007,0.006
2013,W,3,foot,Oct,6.7571,6.7571,0.017,0.017
2013,B,1,foot,Sept,0.0036,0.0075,0.012,0.012
2013,B,2,foot,Sept,3.4836,3.4836,0.014,0.014
2013,B,3,foot,Sept,0.3433,0.3433,0.025,0.025
2013,B,4,foot,Sept,0.8486,0.8486,0.018,0.018
2013,B,5,foot,Sept,0.0193,0.0193,0.004,0.006
2013,B,6,foot,Sept,8.6859,8.6859,0.315,0.315
2013,I,1,foot,Sept,0.3024,0.3024,0.027,0.027
2013,I,2,foot,Sept,0.4224,0.4224,0.182,0.182
2013,I,3,foot,Sept,2.1951,2.1951,0.002,0.006
2013,W,1,foot,Sept,2.1169,2.1169,0.035,0.035
2013,W,2,foot,Sept,0.1843,0.1843,0.004,0.006
2013,W,3,foot,Sept,6.2801,6.2801,0.012,0.012
2014,B,1,foot,Apr,0.4766,0.4766,0.215,0.215
2014,B,2,foot,Apr,0.4072,0.4072,0.02,0.02
2014,B,3,foot,Apr,0.3296,0.3296,0.038,0.038
2014,B,4,foot,Apr,0.6311,0.6311,0.058,0.058
2014,B,5,foot,Apr,1.9554,1.9554,0.126,0.126
2014,B,6,foot,Apr,13.7813,13.7813,0.035,0.035
2014,I,1,foot,Apr,0.5547,0.5547,0.072,0.072
2014,I,2,foot,Apr,0.6051,0.6051,0.086,0.086
2014,I,3,foot,Apr,9.4296,9.4296,0.003,0.006
2014,W,1,foot,Apr,1.9936,1.9936,0.017,0.017
2014,W,2,foot,Apr,10.6274,10.6274,0.01,0.01
2014,W,3,foot,Apr,8.8682,8.8682,0.014,0.014
2014,B,1,foot,Aug,0.3173,0.3173,.,.
2014,B,2,foot,Aug,4.0101,4.0101,0.023,0.023
2014,B,3,foot,Aug,0.5126,0.5126,0.047,0.047
2014,B,4,foot,Aug,0.8601,0.8601,0.013,0.013
2014,B,5,foot,Aug,1.6234,1.6234,0.039,0.039
2014,B,6,foot,Aug,13.7067,13.7067,0.018,0.018
2014,I,1,foot,Aug,0.1324,0.1324,0.052,0.052
2014,I,2,foot,Aug,0.6394,0.6394,0.141,0.141
2014,I,3,foot,Aug,5.5844,5.5844,0.003,0.006
2014,W,1,foot,Aug,1.6076,1.6076,0.008,0.006
2014,W,2,foot,Aug,1.034,1.034,0.016,0.016
2014,W,3,foot,Aug,6.6049,6.6049,0.015,0.015
2014,B,1,foot,July,0.4282,0.4282,0.234,0.234
2014,B,2,foot,July,4.1054,4.1054,0.02,0.02
2014,B,3,foot,July,0.1573,0.1573,0.026,0.026
2014,B,4,foot,July,0.9152,0.9152,0.006,0.006
2014,B,5,foot,July,1.9912,1.9912,0.03,0.03
2014,B,6,foot,July,11.8223,11.8223,0.029,0.029
2014,I,1,foot,July,0.0495,0.0495,0.043,0.043
2014,I,2,foot,July,0.3943,0.3943,0.134,0.134
2014,I,3,foot,July,5.5987,5.5987,0.002,0.006
2014,W,1,foot,July,1.8662,1.8662,0.011,0.011
2014,W,2,foot,July,0.5313,0.5313,0.007,0.006
2014,W,3,foot,July,.,.,.,.
2014,B,1,foot,June,0.9286,0.9286,0.226,0.226
2014,B,2,foot,June,0.356,0.356,0.022,0.022
2014,B,3,foot,June,0.2045,0.2045,0.024,0.024
2014,B,4,foot,June,0.2597,0.2597,0.069,0.069
2014,B,5,foot,June,1.4196,1.4196,0.047,0.047
2014,B,6,foot,June,15.0577,15.0577,0.054,0.054
2014,I,1,foot,June,0.1932,0.1932,0.053,0.053
2014,I,2,foot,June,1.538,1.538,0.129,0.129
2014,I,3,foot,June,6.5926,6.5926,0.001,0.001
2014,W,1,foot,June,2.4145,2.4145,0.013,0.013
2014,W,2,foot,June,3.945,3.945,0.053,0.053
2014,W,3,foot,June,7.741,7.741,0.006,0.006
2014,B,1,foot,May,0.3183,0.3183,0.188,0.188
2014,B,2,foot,May,3.6668,3.6668,0.012,0.012
2014,B,3,foot,May,0.429,0.429,0.025,0.025
2014,B,4,foot,May,0.3837,0.3837,0.004,0.006
2014,B,5,foot,May,2.0441,2.0441,0.087,0.087
2014,B,6,foot,May,11.8929,11.8929,0.041,0.041
2014,I,1,foot,May,0.3996,0.3996,0.051,0.051
2014,I,2,foot,May,0.9446,0.9446,0.124,0.124
2014,I,3,foot,May,4.6543,4.6543,0,0.001
2014,W,1,foot,May,1.8264,1.8264,0.012,0.012
2014,W,2,foot,May,3.8307,3.8307,0.014,0.014
2014,W,3,foot,May,7.624,7.624,0.012,0.012
2014,B,1,foot,Oct,0.5144,0.5144,0.096,0.096
2014,B,2,foot,Oct,3.4373,3.4373,0.024,0.024
2014,B,3,foot,Oct,0.3029,0.3029,0.029,0.029
2014,B,4,foot,Oct,1.1175,1.1175,0.009,0.006
2014,B,5,foot,Oct,1.58,1.58,0.022,0.022
2014,B,6,foot,Oct,10.0846,10.0846,0.027,0.027
2014,I,1,foot,Oct,0.1024,0.1024,0.044,0.044
2014,I,2,foot,Oct,0.461,0.461,0.165,0.165
2014,I,3,foot,Oct,7.2598,7.2598,0.003,0.006
2014,W,1,foot,Oct,2.0956,2.0956,0.017,0.017
2014,W,2,foot,Oct,0.8101,0.8101,0.014,0.014
2014,W,3,foot,Oct,6.4481,6.4481,0.011,0.011
2014,B,1,foot,Sept,0.367,0.367,0.155,0.155
2014,B,2,foot,Sept,3.7265,3.7265,0.028,0.028
2014,B,3,foot,Sept,0.4753,0.4753,0.025,0.025
2014,B,4,foot,Sept,2.1195,2.1195,0.012,0.012
2014,B,5,foot,Sept,2.5391,2.5391,0.07,0.07
2014,B,6,foot,Sept,10.4808,10.4808,0.023,0.023
2014,I,1,foot,Sept,0.515,0.515,0.071,0.071
2014,I,2,foot,Sept,0.867,0.867,0.186,0.186
2014,I,3,foot,Sept,5.8506,5.8506,0.006,0.006
2014,W,1,foot,Sept,1.8027,1.8027,0.008,0.006
2014,W,2,foot,Sept,0.5811,0.5811,0.031,0.031
2014,W,3,foot,Sept,6.6045,6.6045,0.013,0.013
2007,B,1,sum,Apr,.,.,.,.
2007,B,2,sum,Apr,.,.,.,.
2007,B,3,sum,Apr,.,.,.,.
2007,B,4,sum,Apr,.,.,.,.
2007,B,5,sum,Apr,.,.,.,.
2007,B,6,sum,Apr,.,.,.,.
2007,I,1,sum,Apr,.,.,.,.
2007,I,2,sum,Apr,.,.,.,.
2007,I,3,sum,Apr,.,.,.,.
2007,W,1,sum,Apr,.,.,.,.
2007,W,2,sum,Apr,.,.,.,.
2007,W,3,sum,Apr,.,.,.,.
2007,B,1,sum,Aug,0.66,0.66,0.005,0.005
2007,B,2,sum,Aug,0.19,0.13,0.005,0.005
2007,B,3,sum,Aug,0.95,0.95,0.021,0.021
2007,B,4,sum,Aug,0.53,0.53,0.005,0.005
2007,B,5,sum,Aug,0.58,0.58,0.006,0.006
2007,B,6,sum,Aug,0.55,0.55,.,.
2007,I,1,sum,Aug,1.45,1.45,0.005,0.005
2007,I,2,sum,Aug,0.1,0.13,0.017,0.017
2007,I,3,sum,Aug,2.71,2.71,0.004,0.003
2007,W,1,sum,Aug,1.27,1.27,.,.
2007,W,2,sum,Aug,0.72,0.72,0.004,0.003
2007,W,3,sum,Aug,0.41,0.41,.,.
2007,B,1,sum,July,0.02,0.13,0.005,0.005
2007,B,2,sum,July,0.11,0.13,0.005,0.005
2007,B,3,sum,July,0.23,0.13,0.026,0.026
2007,B,4,sum,July,0.07,0.13,0.004,0.003
2007,B,5,sum,July,0.27,0.27,0.004,0.003
2007,B,6,sum,July,0.06,0.13,0.005,0.005
2007,I,1,sum,July,0.52,0.52,0.004,0.003
2007,I,2,sum,July,0.04,0.13,0.008,0.008
2007,I,3,sum,July,0.13,0.13,0.004,0.003
2007,W,1,sum,July,0.19,0.13,0.055,0.055
2007,W,2,sum,July,0.89,0.89,0.005,0.005
2007,W,3,sum,July,0.08,0.13,0.011,0.011
2007,B,1,sum,June,.,.,0.001,0.003
2007,B,2,sum,June,.,.,0.001,0.003
2007,B,3,sum,June,0.11,0.13,0.029,0.029
2007,B,4,sum,June,0.09,0.13,0.004,0.003
2007,B,5,sum,June,0.13,0.13,0.001,0.003
2007,B,6,sum,June,0.11,0.13,0.002,0.003
2007,I,1,sum,June,0.07,0.13,.,.
2007,I,2,sum,June,0.03,0.13,0.01,0.01
2007,I,3,sum,June,.,.,.,.
2007,W,1,sum,June,0.88,0.88,0.028,0.028
2007,W,2,sum,June,0.01,0.13,0.001,0.003
2007,W,3,sum,June,0.03,0.13,0.002,0.003
2007,B,1,sum,May,.,.,0.003,0.003
2007,B,2,sum,May,.,.,0.001,0.003
2007,B,3,sum,May,0.04,0.13,0.035,0.035
2007,B,4,sum,May,0.01,0.13,0.001,0.003
2007,B,5,sum,May,.,.,0.002,0.003
2007,B,6,sum,May,0.06,0.13,0.002,0.003
2007,I,1,sum,May,0.54,0.54,0.002,0.003
2007,I,2,sum,May,0.01,0.13,0.005,0.005
2007,I,3,sum,May,0.01,0.13,0.002,0.003
2007,W,1,sum,May,0.03,0.13,0.03,0.03
2007,W,2,sum,May,0.01,0.13,0.002,0.003
2007,W,3,sum,May,.,.,0.003,0.003
2007,B,1,sum,Nov,.,.,.,.
2007,B,2,sum,Nov,.,.,.,.
2007,B,3,sum,Nov,.,.,.,.
2007,B,4,sum,Nov,.,.,.,.
2007,B,5,sum,Nov,.,.,.,.
2007,B,6,sum,Nov,.,.,.,.
2007,I,1,sum,Nov,.,.,.,.
2007,I,2,sum,Nov,.,.,.,.
2007,I,3,sum,Nov,.,.,.,.
2007,W,1,sum,Nov,.,.,.,.
2007,W,2,sum,Nov,.,.,.,.
2007,W,3,sum,Nov,.,.,.,.
2007,B,1,sum,Oct,0.27,0.27,0.007,0.007
2007,B,2,sum,Oct,0.36,0.36,0.009,0.009
2007,B,3,sum,Oct,0.7,0.7,0.019,0.019
2007,B,4,sum,Oct,0.1,0.13,0.006,0.006
2007,B,5,sum,Oct,1.26,1.26,0.006,0.006
2007,B,6,sum,Oct,0.32,0.32,0.008,0.008
2007,I,1,sum,Oct,0.74,0.74,0.005,0.005
2007,I,2,sum,Oct,0.15,0.13,0.017,0.017
2007,I,3,sum,Oct,3.91,3.91,0.006,0.006
2007,W,1,sum,Oct,2.17,2.17,0.038,0.038
2007,W,2,sum,Oct,1.73,1.73,0.006,0.006
2007,W,3,sum,Oct,0.37,0.37,0.009,0.009
2007,B,1,sum,Sept,0.4,0.4,0.006,0.006
2007,B,2,sum,Sept,0.25,0.25,0.005,0.005
2007,B,3,sum,Sept,0.56,0.56,0.026,0.026
2007,B,4,sum,Sept,0.62,0.62,0.005,0.005
2007,B,5,sum,Sept,0.65,0.65,0.005,0.005
2007,B,6,sum,Sept,0.59,0.59,.,.
2007,I,1,sum,Sept,1.2,1.2,0.004,0.003
2007,I,2,sum,Sept,0.53,0.53,0.02,0.02
2007,I,3,sum,Sept,3.66,3.66,0.005,0.005
2007,W,1,sum,Sept,1.92,1.92,0.006,0.006
2007,W,2,sum,Sept,1,1,0.005,0.005
2007,W,3,sum,Sept,2.2,2.2,0.006,0.006
2008,B,1,sum,Apr,1.45,1.45,0.013,0.013
2008,B,2,sum,Apr,1.6,1.6,0.018,0.018
2008,B,3,sum,Apr,0.72,0.72,0.015,0.015
2008,B,4,sum,Apr,0.68,0.68,0.032,0.032
2008,B,5,sum,Apr,1.36,1.36,0.015,0.015
2008,B,6,sum,Apr,3.31,3.31,0.012,0.012
2008,I,1,sum,Apr,2.07,2.07,0.014,0.014
2008,I,2,sum,Apr,1.91,1.91,0.099,0.099
2008,I,3,sum,Apr,3.16,3.16,0.01,0.01
2008,W,1,sum,Apr,1.93,1.93,0.013,0.013
2008,W,2,sum,Apr,3.06,3.06,0.014,0.014
2008,W,3,sum,Apr,2.46,2.46,0.018,0.018
2008,B,1,sum,Aug,1.33,1.33,0.013,0.013
2008,B,2,sum,Aug,.,.,.,.
2008,B,3,sum,Aug,0.72,0.72,0.014,0.014
2008,B,4,sum,Aug,0.85,0.85,0.032,0.032
2008,B,5,sum,Aug,1.26,1.26,0.014,0.014
2008,B,6,sum,Aug,2.29,2.29,0.013,0.013
2008,I,1,sum,Aug,2.24,2.24,0.013,0.013
2008,I,2,sum,Aug,0.18,0.13,0.078,0.078
2008,I,3,sum,Aug,0.74,0.74,.,.
2008,W,1,sum,Aug,1.68,1.68,0.012,0.012
2008,W,2,sum,Aug,1.55,1.55,0.013,0.013
2008,W,3,sum,Aug,1.27,1.27,0.014,0.014
2008,B,1,sum,July,1.35,1.35,0.014,0.014
2008,B,2,sum,July,0.95,0.95,0.014,0.014
2008,B,3,sum,July,0.89,0.89,0.016,0.016
2008,B,4,sum,July,0.87,0.87,0.016,0.016
2008,B,5,sum,July,1.3,1.3,0.013,0.013
2008,B,6,sum,July,2.4,2.4,0.014,0.014
2008,I,1,sum,July,1.31,1.31,0.014,0.014
2008,I,2,sum,July,0.26,0.26,0.171,0.171
2008,I,3,sum,July,0.9,0.9,0.01,0.01
2008,W,1,sum,July,1.74,1.74,0.013,0.013
2008,W,2,sum,July,1.71,1.71,0.014,0.014
2008,W,3,sum,July,1.82,1.82,0.015,0.015
2008,B,1,sum,June,1.77,1.77,0.013,0.013
2008,B,2,sum,June,1.81,1.81,0.019,0.019
2008,B,3,sum,June,0.91,0.91,0.014,0.014
2008,B,4,sum,June,0.73,0.73,0.055,0.055
2008,B,5,sum,June,1.98,1.98,0.034,0.034
2008,B,6,sum,June,4.29,4.29,0.012,0.012
2008,I,1,sum,June,1.27,1.27,0.013,0.013
2008,I,2,sum,June,4,4,0.011,0.011
2008,I,3,sum,June,2.18,2.18,0.008,0.008
2008,W,1,sum,June,1.71,1.71,0.012,0.012
2008,W,2,sum,June,3.51,3.51,0.011,0.011
2008,W,3,sum,June,5.54,5.54,0.03,0.03
2008,B,1,sum,May,1.06,1.06,0.014,0.014
2008,B,2,sum,May,0.7,0.7,0.015,0.015
2008,B,3,sum,May,0.81,0.81,0.015,0.015
2008,B,4,sum,May,0.65,0.65,0.037,0.037
2008,B,5,sum,May,1.29,1.29,0.018,0.018
2008,B,6,sum,May,2.24,2.24,0.015,0.015
2008,I,1,sum,May,1.59,1.59,0.014,0.014
2008,I,2,sum,May,5.99,5.99,0.018,0.018
2008,I,3,sum,May,1.82,1.82,0.011,0.011
2008,W,1,sum,May,1.76,1.76,0.013,0.013
2008,W,2,sum,May,3.91,3.91,0.014,0.014
2008,W,3,sum,May,2.45,2.45,0.024,0.024
2008,B,1,sum,Nov,.,.,.,.
2008,B,2,sum,Nov,.,.,.,.
2008,B,3,sum,Nov,.,.,.,.
2008,B,4,sum,Nov,.,.,.,.
2008,B,5,sum,Nov,.,.,.,.
2008,B,6,sum,Nov,.,.,.,.
2008,I,1,sum,Nov,.,.,.,.
2008,I,2,sum,Nov,.,.,.,.
2008,I,3,sum,Nov,.,.,.,.
2008,W,1,sum,Nov,.,.,.,.
2008,W,2,sum,Nov,.,.,.,.
2008,W,3,sum,Nov,.,.,.,.
2008,B,1,sum,Oct,1.46,1.46,0.011,0.011
2008,B,2,sum,Oct,1.04,1.04,0.058,0.058
2008,B,3,sum,Oct,0.99,0.99,0.013,0.013
2008,B,4,sum,Oct,1.18,1.18,0.03,0.03
2008,B,5,sum,Oct,1.03,1.03,0.013,0.013
2008,B,6,sum,Oct,1.77,1.77,0.013,0.013
2008,I,1,sum,Oct,1.86,1.86,0.013,0.013
2008,I,2,sum,Oct,0.13,0.13,0.011,0.011
2008,I,3,sum,Oct,1.42,1.42,0.01,0.01
2008,W,1,sum,Oct,1.63,1.63,0.012,0.012
2008,W,2,sum,Oct,1.45,1.45,0.013,0.013
2008,W,3,sum,Oct,1.15,1.15,0.013,0.013
2008,B,1,sum,Sept,1.18,1.18,0.032,0.032
2008,B,2,sum,Sept,0.81,0.81,0.013,0.013
2008,B,3,sum,Sept,0.79,0.79,0.012,0.012
2008,B,4,sum,Sept,0.9,0.9,0.012,0.012
2008,B,5,sum,Sept,0.99,0.99,0.011,0.011
2008,B,6,sum,Sept,1.51,1.51,0.013,0.013
2008,I,1,sum,Sept,2.47,2.47,0.01,0.01
2008,I,2,sum,Sept,0.14,0.13,0.128,0.128
2008,I,3,sum,Sept,1.45,1.45,0.009,0.009
2008,W,1,sum,Sept,1.83,1.83,0.011,0.011
2008,W,2,sum,Sept,1.57,1.57,0.012,0.012
2008,W,3,sum,Sept,1.11,1.11,0.012,0.012
2009,B,1,sum,Apr,1.45,1.45,0.015,0.015
2009,B,2,sum,Apr,1.07,1.07,0.034,0.034
2009,B,3,sum,Apr,1.2,1.2,0.019,0.019
2009,B,4,sum,Apr,1.27,1.27,0.033,0.033
2009,B,5,sum,Apr,1.27,1.27,0.034,0.034
2009,B,6,sum,Apr,1.36,1.36,0.011,0.011
2009,I,1,sum,Apr,2.02,2.02,0.015,0.015
2009,I,2,sum,Apr,0.17,0.13,0.099,0.099
2009,I,3,sum,Apr,1.92,1.92,0.006,0.006
2009,W,1,sum,Apr,2.1,2.1,0.01,0.01
2009,W,2,sum,Apr,1.74,1.74,0.011,0.011
2009,W,3,sum,Apr,2.32,2.32,0.028,0.028
2009,B,1,sum,Aug,1.77,1.77,0.011653,0.011653
2009,B,2,sum,Aug,1.83,1.83,0.19172,0.19172
2009,B,3,sum,Aug,1.49,1.49,0.050177,0.050177
2009,B,4,sum,Aug,2.51,2.51,0.112681,0.112681
2009,B,5,sum,Aug,1.59,1.59,0.049897,0.049897
2009,B,6,sum,Aug,1.81,1.81,0.011626,0.011626
2009,I,1,sum,Aug,2.15,2.15,0.037964,0.037964
2009,I,2,sum,Aug,0.29,0.29,0.010116,0.010116
2009,I,3,sum,Aug,2.75,2.75,0.006911,0.006911
2009,W,1,sum,Aug,2.73,2.73,0.011667,0.011667
2009,W,2,sum,Aug,1.91,1.91,0.011676,0.011676
2009,W,3,sum,Aug,1.71,1.71,0.017563,0.017563
2009,B,1,sum,July,1.7,1.7,0.009,0.009
2009,B,2,sum,July,1.14,1.14,0.008,0.008
2009,B,3,sum,July,1.33,1.33,0.018,0.018
2009,B,4,sum,July,2.19,2.19,0.032,0.032
2009,B,5,sum,July,1.35,1.35,0.009,0.009
2009,B,6,sum,July,1.87,1.87,0.01,0.01
2009,I,1,sum,July,2.59,2.59,0.009,0.009
2009,I,2,sum,July,0.28,0.28,0.028,0.028
2009,I,3,sum,July,3.17,3.17,0.007,0.007
2009,W,1,sum,July,2.89,2.89,0.008,0.008
2009,W,2,sum,July,1.86,1.86,0.009,0.009
2009,W,3,sum,July,1.59,1.59,0.019,0.019
2009,B,1,sum,June,1.53,1.53,0.009,0.009
2009,B,2,sum,June,1.07,1.07,0.024,0.024
2009,B,3,sum,June,1.26,1.26,0.011,0.011
2009,B,4,sum,June,1.71,1.71,0.07,0.07
2009,B,5,sum,June,1.29,1.29,0.014,0.014
2009,B,6,sum,June,1.65,1.65,0.01,0.01
2009,I,1,sum,June,0.72,0.72,0.009,0.009
2009,I,2,sum,June,0.06,0.13,0.114,0.114
2009,I,3,sum,June,1.96,1.96,0.006,0.006
2009,W,1,sum,June,2.36,2.36,0.007,0.007
2009,W,2,sum,June,1.69,1.69,0.01,0.01
2009,W,3,sum,June,1.82,1.82,0.024,0.024
2009,B,1,sum,May,1.69,1.69,0.014,0.014
2009,B,2,sum,May,1.58,1.58,0.041,0.041
2009,B,3,sum,May,1.47,1.47,0.024,0.024
2009,B,4,sum,May,1.71,1.71,0.082,0.082
2009,B,5,sum,May,1.43,1.43,0.04,0.04
2009,B,6,sum,May,1.42,1.42,0.029,0.029
2009,I,1,sum,May,0.35,0.35,0.009,0.009
2009,I,2,sum,May,1.01,1.01,0.045,0.045
2009,I,3,sum,May,2.99,2.99,0.006,0.006
2009,W,1,sum,May,3.37,3.37,0.011,0.011
2009,W,2,sum,May,1.59,1.59,0.019,0.019
2009,W,3,sum,May,1.79,1.79,0.039,0.039
2009,B,1,sum,Nov,.,.,.,.
2009,B,2,sum,Nov,.,.,.,.
2009,B,3,sum,Nov,.,.,.,.
2009,B,4,sum,Nov,.,.,.,.
2009,B,5,sum,Nov,.,.,.,.
2009,B,6,sum,Nov,.,.,.,.
2009,I,1,sum,Nov,.,.,.,.
2009,I,2,sum,Nov,.,.,.,.
2009,I,3,sum,Nov,.,.,.,.
2009,W,1,sum,Nov,.,.,.,.
2009,W,2,sum,Nov,.,.,.,.
2009,W,3,sum,Nov,.,.,.,.
2009,B,1,sum,Oct,2.3,2.3,0.021503,0.021503
2009,B,2,sum,Oct,0.51,0.51,0.054483,0.054483
2009,B,3,sum,Oct,1.14,1.14,0.028929,0.028929
2009,B,4,sum,Oct,3.18,3.18,0.120325,0.120325
2009,B,5,sum,Oct,1.47,1.47,0.033807,0.033807
2009,B,6,sum,Oct,3.07,3.07,0.027811,0.027811
2009,I,1,sum,Oct,0.52,0.52,0.010185,0.010185
2009,I,2,sum,Oct,0.03,0.13,0.0239,0.0239
2009,I,3,sum,Oct,3.78,3.78,0.007584,0.007584
2009,W,1,sum,Oct,3.9,3.9,0.029395,0.029395
2009,W,2,sum,Oct,0.45,0.45,0.028549,0.028549
2009,W,3,sum,Oct,1.8,1.8,0.027092,0.027092
2009,B,1,sum,Sept,1.52,1.52,0.010905,0.010905
2009,B,2,sum,Sept,1.17,1.17,0.013093,0.013093
2009,B,3,sum,Sept,1.29,1.29,0.009252,0.009252
2009,B,4,sum,Sept,1.65,1.65,0.028008,0.028008
2009,B,5,sum,Sept,1.48,1.48,0.007459,0.007459
2009,B,6,sum,Sept,1.59,1.59,0.011841,0.011841
2009,I,1,sum,Sept,.,.,.,.
2009,I,2,sum,Sept,0.08,0.13,0.025675,0.025675
2009,I,3,sum,Sept,3.58,3.58,0.006429,0.006429
2009,W,1,sum,Sept,11.58,11.58,0.019093,0.019093
2009,W,2,sum,Sept,1.85,1.85,0.00797,0.00797
2009,W,3,sum,Sept,1.66,1.66,0.008217,0.008217
2010,B,1,sum,Apr,2.58,2.58,0.011,0.011
2010,B,2,sum,Apr,1.03,1.03,0.012,0.012
2010,B,3,sum,Apr,0.54,0.54,0.013,0.013
2010,B,4,sum,Apr,2.67,2.67,0.047,0.047
2010,B,5,sum,Apr,2.32,2.32,0.011,0.011
2010,B,6,sum,Apr,3.63,3.63,0.011,0.011
2010,I,1,sum,Apr,2.17,2.17,0.012,0.012
2010,I,2,sum,Apr,2.05,2.05,0.021,0.021
2010,I,3,sum,Apr,5.5,5.5,0.008,0.008
2010,W,1,sum,Apr,4.85,4.85,0.01,0.01
2010,W,2,sum,Apr,1.07,1.07,0.011,0.011
2010,W,3,sum,Apr,2.88,2.88,0.01,0.01
2010,B,1,sum,Aug,6.49,6.49,.,.
2010,B,2,sum,Aug,2,2,.,.
2010,B,3,sum,Aug,0.42,0.42,.,.
2010,B,4,sum,Aug,5.52,5.52,.,.
2010,B,5,sum,Aug,4.29,4.29,.,.
2010,B,6,sum,Aug,5.81,5.81,.,.
2010,I,1,sum,Aug,.,.,.,.
2010,I,2,sum,Aug,2.11,2.11,.,.
2010,I,3,sum,Aug,6.05,6.05,.,.
2010,W,1,sum,Aug,.,.,.,.
2010,W,2,sum,Aug,.,.,.,.
2010,W,3,sum,Aug,.,.,.,.
2010,B,1,sum,July,4.28,4.28,.,.
2010,B,2,sum,July,2.72,2.72,.,.
2010,B,3,sum,July,0.03,0.13,.,.
2010,B,4,sum,July,4.08,4.08,.,.
2010,B,5,sum,July,3.61,3.61,.,.
2010,B,6,sum,July,1,1,.,.
2010,I,1,sum,July,0.93,0.93,.,.
2010,I,2,sum,July,4.06,4.06,.,.
2010,I,3,sum,July,.,.,.,.
2010,W,1,sum,July,4.19,4.19,.,.
2010,W,2,sum,July,0.76,0.76,.,.
2010,W,3,sum,July,4.04,4.04,.,.
2010,B,1,sum,June,4.21,4.21,.,.
2010,B,2,sum,June,5.5,5.5,.,.
2010,B,3,sum,June,0.32,0.32,.,.
2010,B,4,sum,June,4.64,4.64,.,.
2010,B,5,sum,June,14.85,14.85,.,.
2010,B,6,sum,June,6.47,6.47,.,.
2010,I,1,sum,June,0.72,0.72,.,.
2010,I,2,sum,June,2.36,2.36,.,.
2010,I,3,sum,June,.,.,.,.
2010,W,1,sum,June,4.32,4.32,.,.
2010,W,2,sum,June,0.97,0.97,.,.
2010,W,3,sum,June,4.2,4.2,.,.
2010,B,1,sum,May,4.38,4.38,0.031,0.031
2010,B,2,sum,May,0.81,0.81,0.049,0.049
2010,B,3,sum,May,0.41,0.41,0.014,0.014
2010,B,4,sum,May,2.89,2.89,0.031,0.031
2010,B,5,sum,May,10.27,10.27,0.32,0.32
2010,B,6,sum,May,3.92,3.92,0.009,0.009
2010,I,1,sum,May,0.07,0.13,0.032,0.032
2010,I,2,sum,May,1.44,1.44,0.068,0.068
2010,I,3,sum,May,6.53,6.53,0.006,0.006
2010,W,1,sum,May,4.41,4.41,0.008,0.008
2010,W,2,sum,May,0.97,0.97,0.018,0.018
2010,W,3,sum,May,8.32,8.32,0.007,0.007
2010,B,1,sum,Nov,3.23,3.23,.,.
2010,B,2,sum,Nov,3.06,3.06,.,.
2010,B,3,sum,Nov,0.85,0.85,.,.
2010,B,4,sum,Nov,4.86,4.86,.,.
2010,B,5,sum,Nov,2.94,2.94,.,.
2010,B,6,sum,Nov,3.39,3.39,.,.
2010,I,1,sum,Nov,1.53,1.53,.,.
2010,I,2,sum,Nov,0.29,0.29,.,.
2010,I,3,sum,Nov,4.79,4.79,.,.
2010,W,1,sum,Nov,3.65,3.65,.,.
2010,W,2,sum,Nov,1.45,1.45,.,.
2010,W,3,sum,Nov,3.53,3.53,.,.
2010,B,1,sum,Oct,4.12,4.12,.,.
2010,B,2,sum,Oct,3.31,3.31,.,.
2010,B,3,sum,Oct,0.33,0.33,.,.
2010,B,4,sum,Oct,4.35,4.35,.,.
2010,B,5,sum,Oct,4.8,4.8,.,.
2010,B,6,sum,Oct,5.43,5.43,.,.
2010,I,1,sum,Oct,1.6,1.6,.,.
2010,I,2,sum,Oct,0.24,0.13,.,.
2010,I,3,sum,Oct,3.98,3.98,.,.
2010,W,1,sum,Oct,4.18,4.18,.,.
2010,W,2,sum,Oct,1.41,1.41,.,.
2010,W,3,sum,Oct,3.81,3.81,.,.
2010,B,1,sum,Sept,.,.,.,.
2010,B,2,sum,Sept,.,.,.,.
2010,B,3,sum,Sept,.,.,.,.
2010,B,4,sum,Sept,.,.,.,.
2010,B,5,sum,Sept,.,.,.,.
2010,B,6,sum,Sept,.,.,.,.
2010,I,1,sum,Sept,.,.,.,.
2010,I,2,sum,Sept,.,.,.,.
2010,I,3,sum,Sept,.,.,.,.
2010,W,1,sum,Sept,.,.,.,.
2010,W,2,sum,Sept,.,.,.,.
2010,W,3,sum,Sept,.,.,.,.
2011,B,1,sum,Apr,5.31,5.31,0,0.001
2011,B,2,sum,Apr,5.61,5.61,0,0.001
2011,B,3,sum,Apr,3.48,3.48,0.028,0.028
2011,B,4,sum,Apr,6.82,6.82,0,0.001
2011,B,5,sum,Apr,4.84,4.84,0,0.001
2011,B,6,sum,Apr,5.17,5.17,0,0.001
2011,I,1,sum,Apr,5.33,5.33,0,0.001
2011,I,2,sum,Apr,2.93,2.93,0,0.001
2011,I,3,sum,Apr,8.19,8.19,0,0.001
2011,W,1,sum,Apr,5.6,5.6,0,0.001
2011,W,2,sum,Apr,3.56,3.56,0,0.001
2011,W,3,sum,Apr,3.7,3.7,0.009,0.006
2011,B,1,sum,Aug,3.5,3.5,0.003,0.006
2011,B,2,sum,Aug,3.58,3.58,0.006,0.006
2011,B,3,sum,Aug,2.21,2.21,0.132,0.132
2011,B,4,sum,Aug,4.83,4.83,0.012,0.012
2011,B,5,sum,Aug,3.56,3.56,0.025,0.025
2011,B,6,sum,Aug,3.88,3.88,0.012,0.012
2011,I,1,sum,Aug,2.29,2.29,0.021,0.021
2011,I,2,sum,Aug,0.86,0.86,0.037,0.037
2011,I,3,sum,Aug,5.02,5.02,0.018,0.018
2011,W,1,sum,Aug,4.25,4.25,0.021,0.021
2011,W,2,sum,Aug,1.28,1.28,0.028,0.028
2011,W,3,sum,Aug,3.68,3.68,0.003,0.006
2011,B,1,sum,July,2.49,2.49,0.009,0.006
2011,B,2,sum,July,2.62,2.62,0.012,0.012
2011,B,3,sum,July,1.57,1.57,0.031,0.031
2011,B,4,sum,July,5.5,5.5,0.239,0.239
2011,B,5,sum,July,4.09,4.09,0.04,0.04
2011,B,6,sum,July,4.52,4.52,0.018,0.018
2011,I,1,sum,July,1.75,1.75,0.006,0.006
2011,I,2,sum,July,1.1,1.1,0,0.001
2011,I,3,sum,July,5.45,5.45,0,0.001
2011,W,1,sum,July,3.96,3.96,0.006,0.006
2011,W,2,sum,July,0.93,0.93,0,0.001
2011,W,3,sum,July,4.62,4.62,0.052,0.052
2011,B,1,sum,June,2.76,2.76,0.028,0.028
2011,B,2,sum,June,1.44,1.44,0.043,0.043
2011,B,3,sum,June,2.08,2.08,0.04,0.04
2011,B,4,sum,June,6.27,6.27,0.975,0.975
2011,B,5,sum,June,4.91,4.91,0.055,0.055
2011,B,6,sum,June,5.05,5.05,0.043,0.043
2011,I,1,sum,June,2.8,2.8,0,0.001
2011,I,2,sum,June,4.56,4.56,0,0.001
2011,I,3,sum,June,6.44,6.44,0,0.001
2011,W,1,sum,June,3.99,3.99,0.003,0.006
2011,W,2,sum,June,1.29,1.29,0.009,0.006
2011,W,3,sum,June,5.8,5.8,0.012,0.012
2011,B,1,sum,May,2.9,2.9,0.006,0.006
2011,B,2,sum,May,2.34,2.34,0.025,0.025
2011,B,3,sum,May,1.4,1.4,0.009,0.006
2011,B,4,sum,May,5.09,5.09,0.037,0.037
2011,B,5,sum,May,3.39,3.39,0.021,0.021
2011,B,6,sum,May,3.69,3.69,0.015,0.015
2011,I,1,sum,May,2.34,2.34,0.043,0.043
2011,I,2,sum,May,2.5,2.5,0.052,0.052
2011,I,3,sum,May,5.49,5.49,0.04,0.04
2011,W,1,sum,May,4.73,4.73,0.052,0.052
2011,W,2,sum,May,1.68,1.68,0.025,0.025
2011,W,3,sum,May,5.34,5.34,0.034,0.034
2011,B,2,sum,Nov,1.63,1.63,0.031,0.031
2011,B,3,sum,Nov,1.73,1.73,0.135,0.135
2011,B,4,sum,Nov,2.7,2.7,0.172,0.172
2011,B,6,sum,Nov,2.18,2.18,0.015,0.015
2011,I,2,sum,Nov,0.37,0.37,0.469,0.469
2011,I,3,sum,Nov,5.15,5.15,0.012,0.012
2011,W,2,sum,Nov,1.39,1.39,0,0.001
2011,B,1,sum,Oct,2.91,2.91,0.052,0.052
2011,B,2,sum,Oct,2.89,2.89,0.184,0.184
2011,B,3,sum,Oct,2.14,2.14,0.086,0.086
2011,B,4,sum,Oct,3.98,3.98,0.208,0.208
2011,B,5,sum,Oct,2.85,2.85,0.043,0.043
2011,B,6,sum,Oct,3.62,3.62,0,0.001
2011,I,2,sum,Oct,0.43,0.43,0.202,0.202
2011,I,3,sum,Oct,5.85,5.85,0.046,0.046
2011,W,1,sum,Oct,3.79,3.79,0,0.001
2011,W,2,sum,Oct,2.01,2.01,0.26,0.26
2011,B,1,sum,Sept,3.78,3.78,0.083,0.083
2011,B,2,sum,Sept,3.51,3.51,0.021,0.021
2011,B,3,sum,Sept,1.81,1.81,0.034,0.034
2011,B,5,sum,Sept,3.08,3.08,0.015,0.015
2011,B,6,sum,Sept,4.47,4.47,0.435,0.435
2011,I,2,sum,Sept,0.63,0.63,0.067,0.067
2011,I,3,sum,Sept,6.08,6.08,0,0.001
2011,W,1,sum,Sept,3.56,3.56,0.052,0.052
2011,W,2,sum,Sept,1.55,1.55,0.046,0.046
2011,W,3,sum,Sept,2.51,2.51,0.064,0.064
2012,B,1,sum,Apr,2.6853,2.6853,0.004,0.006
2012,B,2,sum,Apr,2.2032,2.2032,-0.007,0.001
2012,B,3,sum,Apr,1.4879,1.4879,-0.007,0.001
2012,B,6,sum,Apr,2.9155,2.9155,-0.007,0.001
2012,I,2,sum,Apr,0.3707,0.3707,0.056,0.056
2012,I,3,sum,Apr,5.3217,5.3217,-0.001,0.001
2012,W,1,sum,Apr,4.0009,4.0009,0.002,0.006
2012,W,2,sum,Apr,1.5638,1.5638,0,0.001
2012,B,1,sum,Aug,3.4237,3.4237,0.039,0.039
2012,B,2,sum,Aug,2.7406,2.7406,0.014,0.014
2012,B,3,sum,Aug,2.1698,2.1698,0.023,0.023
2012,B,4,sum,Aug,4.6723,4.6723,0.079,0.079
2012,B,5,sum,Aug,2.8698,2.8698,0.021,0.021
2012,B,6,sum,Aug,4.372,4.372,0.012,0.012
2012,I,2,sum,Aug,0.8802,0.8802,0.116,0.116
2012,I,3,sum,Aug,6.1825,6.1825,0.031,0.031
2012,W,1,sum,Aug,5.531,5.531,0.008,0.006
2012,W,2,sum,Aug,2.4591,2.4591,0.002,0.006
2012,B,1,sum,July,4.6838,4.6838,0.03,0.03
2012,B,2,sum,July,4.3551,4.3551,0.061,0.061
2012,B,3,sum,July,1.5306,1.5306,0.014,0.014
2012,B,4,sum,July,5.5583,5.5583,0.078,0.078
2012,B,5,sum,July,3.308,3.308,0.04,0.04
2012,B,6,sum,July,4.3318,4.3318,0.007,0.006
2012,I,1,sum,July,6.4441,6.4441,0.017,0.017
2012,I,2,sum,July,3.7934,3.7934,0.098,0.098
2012,I,3,sum,July,5.9938,5.9938,0.012,0.012
2012,W,1,sum,July,6.4103,6.4103,0.009,0.006
2012,W,2,sum,July,2.1296,2.1296,0.017,0.017
2012,W,3,sum,July,3.9846,3.9846,0.023,0.023
2012,B,1,sum,June,3.2078,3.2078,0.021,0.021
2012,B,2,sum,June,2.2879,2.2879,0.015,0.015
2012,B,3,sum,June,1.1676,1.1676,0.004,0.006
2012,B,4,sum,June,4.8293,4.8293,0.023,0.023
2012,B,5,sum,June,0.8628,0.8628,0.021,0.021
2012,B,6,sum,June,7.0337,7.0337,0.004,0.006
2012,I,1,sum,June,4.6752,4.6752,0.078,0.078
2012,I,2,sum,June,3.9743,3.9743,0.072,0.072
2012,I,3,sum,June,4.6582,4.6582,0.004,0.006
2012,W,1,sum,June,5.8012,5.8012,-0.004,0.001
2012,W,2,sum,June,1.1099,1.1099,-0.005,0.001
2012,W,3,sum,June,3.3853,3.3853,0.015,0.015
2012,B,1,sum,May,2.6381,2.6381,0.035,0.035
2012,B,2,sum,May,1.6224,1.6224,0.032,0.032
2012,B,3,sum,May,1.0134,1.0134,0.014,0.014
2012,B,4,sum,May,5.3091,5.3091,0.045,0.045
2012,B,5,sum,May,2.2865,2.2865,0.073,0.073
2012,B,6,sum,May,3.314,3.314,0.022,0.022
2012,I,1,sum,May,4.9617,4.9617,0.012,0.012
2012,I,2,sum,May,3.6631,3.6631,0.067,0.067
2012,I,3,sum,May,4.924,4.924,-0.005,0.001
2012,W,1,sum,May,7.8133,7.8133,0.034,0.034
2012,W,2,sum,May,1.0344,1.0344,0.008,0.006
2012,W,3,sum,May,3.1249,3.1249,0.057,0.057
2012,B,1,sum,Oct,2.4535,2.4535,0.015,0.015
2012,B,2,sum,Oct,3.3632,3.3632,0.097,0.097
2012,B,3,sum,Oct,2.8162,2.8162,0.043,0.043
2012,I,2,sum,Oct,0.515,0.515,0.123,0.123
2012,I,3,sum,Oct,5.2441,5.2441,0.267,0.267
2012,W,1,sum,Oct,4.2896,4.2896,0.112,0.112
2012,W,2,sum,Oct,0.558,0.558,0.006,0.006
2012,B,1,sum,Sept,3.1202,3.1202,0.177,0.177
2012,B,2,sum,Sept,3.28,3.28,0.02,0.02
2012,B,3,sum,Sept,2.235,2.235,0.008,0.006
2012,B,4,sum,Sept,3.9622,3.9622,0.062,0.062
2012,B,6,sum,Sept,4.1327,4.1327,0.019,0.019
2012,I,2,sum,Sept,0.5793,0.5793,0.087,0.087
2012,I,3,sum,Sept,5.8039,5.8039,0.035,0.035
2012,W,1,sum,Sept,5.4684,5.4684,0.012,0.012
2012,W,2,sum,Sept,2.1461,2.1461,0.007,0.006
2013,B,1,sum,Apr,2.4511,2.4511,0.017,0.017
2013,B,2,sum,Apr,1.4558,1.4558,0.017,0.017
2013,B,3,sum,Apr,0.8315,0.8315,0.019,0.019
2013,B,4,sum,Apr,4.3751,4.3751,0.018,0.018
2013,B,5,sum,Apr,3.6572,3.6572,0.03,0.03
2013,B,6,sum,Apr,6.2699,6.2699,0.008,0.006
2013,I,1,sum,Apr,2.8096,2.8096,0.013,0.013
2013,I,2,sum,Apr,2.7154,2.7154,0.457,0.457
2013,I,3,sum,Apr,7.149,7.149,-0.001,0.001
2013,W,1,sum,Apr,11.7257,11.7257,0.028,0.028
2013,W,2,sum,Apr,0.9034,0.9034,0.004,0.006
2013,W,3,sum,Apr,3.6279,3.6279,0.033,0.033
2013,B,1,sum,Aug,3.1941,3.1941,0.018,0.018
2013,B,2,sum,Aug,2.1753,2.1753,0.025,0.025
2013,B,3,sum,Aug,1.1687,1.1687,0.019,0.019
2013,B,4,sum,Aug,4.3863,4.3863,0.033,0.033
2013,B,5,sum,Aug,7.8811,7.8811,0,0.001
2013,B,6,sum,Aug,6.5064,6.5064,0.002,0.006
2013,I,1,sum,Aug,5.0666,5.0666,0.02,0.02
2013,I,2,sum,Aug,2.1201,2.1201,0.148,0.148
2013,I,3,sum,Aug,6.3989,6.3989,0.01,0.01
2013,W,1,sum,Aug,9.3854,9.3854,0.015,0.015
2013,W,2,sum,Aug,1.5163,1.5163,0.015,0.015
2013,W,3,sum,Aug,4.3544,4.3544,0.062,0.062
2013,B,1,sum,July,5.152,5.152,0.023,0.023
2013,B,2,sum,July,1.0561,1.0561,0.035,0.035
2013,B,3,sum,July,0.9875,0.9875,0.032,0.032
2013,B,4,sum,July,4.9298,4.9298,0.138,0.138
2013,B,5,sum,July,3.9882,3.9882,0.058,0.058
2013,B,6,sum,July,7.8008,7.8008,0.019,0.019
2013,I,1,sum,July,4.538,4.538,0.003,0.006
2013,I,2,sum,July,7.2197,7.2197,0.105,0.105
2013,I,3,sum,July,7.2405,7.2405,0.012,0.012
2013,W,1,sum,July,12.3512,12.3512,0.012,0.012
2013,W,2,sum,July,0.8366,0.8366,0.013,0.013
2013,W,3,sum,July,4.0447,4.0447,0.029,0.029
2013,B,1,sum,June,4.3392,4.3392,0.018,0.018
2013,B,2,sum,June,0.8732,0.8732,0.038,0.038
2013,B,3,sum,June,0.9001,0.9001,0.034,0.034
2013,B,4,sum,June,5.067,5.067,0.063,0.063
2013,B,5,sum,June,4.8356,4.8356,0.046,0.046
2013,B,6,sum,June,8.6708,8.6708,0.028,0.028
2013,I,1,sum,June,3.8656,3.8656,0.004,0.006
2013,I,2,sum,June,6.0001,6.0001,0.317,0.317
2013,I,3,sum,June,8.1856,8.1856,0.035,0.035
2013,W,1,sum,June,15.0096,15.0096,0.002,0.006
2013,W,2,sum,June,0.1287,0.1287,0.005,0.006
2013,W,3,sum,June,5.0558,5.0558,0.004,0.006
2013,B,1,sum,May,3.4387,3.4387,0.017,0.017
2013,B,2,sum,May,0.4616,0.4616,0.034,0.034
2013,B,3,sum,May,0.5883,0.5883,0.021,0.021
2013,B,4,sum,May,4.3447,4.3447,0.055,0.055
2013,B,5,sum,May,3.3653,3.3653,0.028,0.028
2013,B,6,sum,May,6.5916,6.5916,0.014,0.014
2013,I,1,sum,May,3.0254,3.0254,0.012,0.012
2013,I,2,sum,May,8.9673,8.9673,0.225,0.225
2013,I,3,sum,May,7.3535,7.3535,0.003,0.006
2013,W,1,sum,May,13.0109,13.0109,0.02,0.02
2013,W,2,sum,May,1.2177,1.2177,-0.001,0.001
2013,W,3,sum,May,4.2544,4.2544,0.035,0.035
2013,B,1,sum,Oct,0.9117,0.9117,0.002,0.006
2013,B,2,sum,Oct,3.0917,3.0917,0.008,0.006
2013,B,3,sum,Oct,1.8481,1.8481,0.015,0.015
2013,B,4,sum,Oct,3.3306,3.3306,0.019,0.019
2013,B,5,sum,Oct,.,.,.,.
2013,B,6,sum,Oct,3.4857,3.4857,0.012,0.012
2013,I,1,sum,Oct,.,.,.,.
2013,I,2,sum,Oct,0.5156,0.5156,0.251,0.251
2013,I,3,sum,Oct,6.3641,6.3641,0.014,0.014
2013,W,1,sum,Oct,9.5927,9.5927,0.776,0.776
2013,W,2,sum,Oct,1.6565,1.6565,0.011,0.011
2013,W,3,sum,Oct,.,.,.,.
2013,B,1,sum,Sept,2.9557,2.9557,0.006,0.006
2013,B,2,sum,Sept,2.8576,2.8576,0.009,0.006
2013,B,3,sum,Sept,1.8609,1.8609,0.008,0.006
2013,B,4,sum,Sept,4.1749,4.1749,0.009,0.006
2013,B,5,sum,Sept,2.9251,2.9251,0.127,0.127
2013,B,6,sum,Sept,5.777,5.777,0.024,0.024
2013,I,1,sum,Sept,.,.,.,.
2013,I,2,sum,Sept,0.4846,0.4846,0.254,0.254
2013,I,3,sum,Sept,5.5437,5.5437,0.012,0.012
2013,W,1,sum,Sept,8.7618,8.7618,0.021,0.021
2013,W,2,sum,Sept,1.7654,1.7654,0.015,0.015
2013,W,3,sum,Sept,.,.,.,.
2014,B,1,sum,Apr,4.6422,4.6422,0.103,0.103
2014,B,2,sum,Apr,1.4884,1.4884,0.028,0.028
2014,B,3,sum,Apr,1.9194,1.9194,0.006,0.006
2014,B,4,sum,Apr,4.6607,4.6607,0.003,0.006
2014,B,5,sum,Apr,5.6189,5.6189,0.423,0.423
2014,B,6,sum,Apr,6.6803,6.6803,0.004,0.006
2014,I,1,sum,Apr,.,.,.,.
2014,I,2,sum,Apr,1.6482,1.6482,0.16,0.16
2014,I,3,sum,Apr,6.1673,6.1673,0,0.001
2014,W,1,sum,Apr,12.1052,12.1052,0.058,0.058
2014,W,2,sum,Apr,1.3304,1.3304,0.001,0.001
2014,W,3,sum,Apr,6.8794,6.8794,0.017,0.017
2014,B,1,sum,Aug,5.3166,5.3166,0.028,0.028
2014,B,2,sum,Aug,1.3952,1.3952,0.023,0.023
2014,B,3,sum,Aug,1.5145,1.5145,0.02,0.02
2014,B,4,sum,Aug,5.7392,5.7392,0.03,0.03
2014,B,5,sum,Aug,5.2805,5.2805,0.044,0.044
2014,B,6,sum,Aug,7.9721,7.9721,0.025,0.025
2014,I,1,sum,Aug,6.332,6.332,0.008,0.006
2014,I,2,sum,Aug,5.3233,5.3233,0.05,0.05
2014,I,3,sum,Aug,9.2771,9.2771,0.008,0.006
2014,W,1,sum,Aug,12.1085,12.1085,0.02,0.02
2014,W,2,sum,Aug,1.393,1.393,0.02,0.02
2014,W,3,sum,Aug,5.0668,5.0668,0.046,0.046
2014,B,1,sum,July,5.0171,5.0171,0.024,0.024
2014,B,2,sum,July,1.936,1.936,0.028,0.028
2014,B,3,sum,July,1.4292,1.4292,0.025,0.025
2014,B,4,sum,July,6.0309,6.0309,0.05,0.05
2014,B,5,sum,July,5.8776,5.8776,0.039,0.039
2014,B,6,sum,July,8.8703,8.8703,0.014,0.014
2014,I,1,sum,July,5.0006,5.0006,0.007,0.006
2014,I,2,sum,July,2.8855,2.8855,0.098,0.098
2014,I,3,sum,July,9.8259,9.8259,0.011,0.011
2014,W,1,sum,July,11.6887,11.6887,0.015,0.015
2014,W,2,sum,July,1.2923,1.2923,0.007,0.006
2014,W,3,sum,July,.,.,.,.
2014,B,1,sum,June,4.5409,4.5409,0.034,0.034
2014,B,2,sum,June,1.0037,1.0037,0.015,0.015
2014,B,3,sum,June,1.38,1.38,0.016,0.016
2014,B,4,sum,June,5.7835,5.7835,0.028,0.028
2014,B,5,sum,June,9.2289,9.2289,0.179,0.179
2014,B,6,sum,June,8.9646,8.9646,0.049,0.049
2014,I,1,sum,June,5.8536,5.8536,0.01,0.01
2014,I,2,sum,June,8.8925,8.8925,0.122,0.122
2014,I,3,sum,June,11.2799,11.2799,0.007,0.006
2014,W,1,sum,June,12.6958,12.6958,0.012,0.012
2014,W,2,sum,June,1.1833,1.1833,0.006,0.006
2014,W,3,sum,June,4.975,4.975,0.004,0.006
2014,B,1,sum,May,4.6696,4.6696,0.046,0.046
2014,B,2,sum,May,1.3838,1.3838,0.073,0.073
2014,B,3,sum,May,1.166,1.166,0.011,0.011
2014,B,4,sum,May,4.6241,4.6241,0.021,0.021
2014,B,5,sum,May,4.7963,4.7963,0.072,0.072
2014,B,6,sum,May,7.1111,7.1111,0.031,0.031
2014,I,1,sum,May,5.9029,5.9029,0.007,0.006
2014,I,2,sum,May,3.0273,3.0273,0.158,0.158
2014,I,3,sum,May,8.6813,8.6813,0.017,0.017
2014,W,1,sum,May,11.554,11.554,0.011,0.011
2014,W,2,sum,May,1.3021,1.3021,0.007,0.006
2014,W,3,sum,May,4.5933,4.5933,0.022,0.022
2014,B,1,sum,Oct,6.2287,6.2287,0.027,0.027
2014,B,2,sum,Oct,1.4471,1.4471,0.036,0.036
2014,B,3,sum,Oct,1.3561,1.3561,0.036,0.036
2014,B,4,sum,Oct,6.9149,6.9149,0.07,0.07
2014,B,5,sum,Oct,5.4776,5.4776,0.037,0.037
2014,B,6,sum,Oct,7.3637,7.3637,0.018,0.018
2014,I,1,sum,Oct,7.0855,7.0855,0.004,0.006
2014,I,2,sum,Oct,2.6314,2.6314,0.028,0.028
2014,I,3,sum,Oct,7.1242,7.1242,0.012,0.012
2014,W,1,sum,Oct,13.7084,13.7084,0.027,0.027
2014,W,2,sum,Oct,0.8459,0.8459,0.013,0.013
2014,W,3,sum,Oct,4.3984,4.3984,0.046,0.046
2014,B,1,sum,Sept,5.944,5.944,0.022,0.022
2014,B,2,sum,Sept,1.9079,1.9079,0.036,0.036
2014,B,3,sum,Sept,2.2366,2.2366,0.075,0.075
2014,B,4,sum,Sept,6.6728,6.6728,0.047,0.047
2014,B,5,sum,Sept,5.4387,5.4387,0.031,0.031
2014,B,6,sum,Sept,8.8509,8.8509,0.024,0.024
2014,I,1,sum,Sept,6.747,6.747,0.006,0.006
2014,I,2,sum,Sept,3.7772,3.7772,0.056,0.056
2014,I,3,sum,Sept,7.7425,7.7425,0.004,0.006
2014,W,1,sum,Sept,12.2104,12.2104,0.02,0.02
2014,W,2,sum,Sept,1.2166,1.2166,0.014,0.014
2014,W,3,sum,Sept,4.7673,4.7673,0.036,0.036
